Table Number,First Name,Last Name,Nickname
1,รตนพล,สงฆ์ธรรม,เก่ง
1,ชนิษฐา,เสาวนา,ปุ๋มปิ๋ม
1,พชรพล,สงฆ์ธรรม,เกมส์
1,ธนกฤต,รุ่งเรืองกิจ,กฤต
1,ศิริพรรณ,วรานิษฐ์,พรรณ
1,วรัญญู,สิริพาณิชย์,ญู
1,ณัฐพงศ์,กมลเวช,พงศ์
1,ภัทรพล,อภิเดช,ภัทร
2,สมชาย,ใจดี,ชาย
2,สมศรี,มีสุข,ศรี
2,ปิยนุช,รัตนพร,นุช
2,กิตติพงษ์,ธรรมโชติ,พงษ์
2,พิรุณพร,แสงอาทิตย์,พร
2,เบญจมาศ,จารุเวท,มาศ
2,นันทพงศ์,ประสิทธิ์พร,นนท์
2,สุชาวดี,ทวีศิลป์,ดี
3,วิรัช,มานะ,รัช
3,กนก,วรรณ,นก
3,อมรรัตน์,บริบูรณ์,รัตน์
3,ประเสริฐศักดิ์,วงเวียน,ศักดิ์
3,จตุรภัทร,เกษมศานต์,ภัทร
3,นวรัตน์,นฤมล,รัตน์
3,เอกภพ,จิตรจรรยา,เอก
3,จิรภาส,รุ่งกิจการ,ภาส
4,ประสิทธิ์,แสงดาว,สิทธิ์
4,ทิพวรรณ,สุพรรณนิการ์,ทิพ
4,อรอุมา,เลิศเศรษฐา,อรอุมา
4,วิภาวดี,ศรีอรัญ,วิภา
4,ธีรยุทธ,รุ่งโรจน์นิธิ,ยุทธ
4,สุภาพร,ทองนพคุณ,หนิง
4,วิลาวัณย์,สิริพิพัฒน์,เปิ้ล
4,ธนากร,มหาศาล,เอก
5,นงนุช,ดีที่สุด,นุช
5,รัตนาพร,ศรีสุวรรณ,รัตน์
5,จตุพร,ชัยพร,จอย
5,นรินทร์โชติ,วิจิตรการ,นรินทร์
5,ภวัตพงศ์,ธนาพรหม,ภวัต
5,สุวิมล,เกษมวิเศษ,วิมล
5,ธัญชนก,สกุลทิพย์,นก
5,กมลวรรณ,พิลาพงศ์,แป้ง
6,อรพินท์,เพลินจิต,พิน
6,วรีพรรณ,สมเดชานนท์,วรี
6,วราภรณ์,สิริศุภฤกษ์,วรา
6,สิริกร,ทวีสุขประเสริฐ,สิริ
6,พงศกร,อภินันทนา,พงศ์
6,ธัญสิริ,โชติธนพร,สิริ
6,ณัฏฐพล,ภักดีโสภณ,ณัฏฐ์
6,ชนากานต์,รัตนวงศ์,กานต์
7,มานะ,พยายาม,นะ
7,กัญญารัตน์,ทวีพงศ์ศรัทธา,กัญญา
7,ธรรมนูญ,อิงคนันท์,นูน
7,ภัทราพร,วิจิตรโสภณ,ภัทรา
7,รัฐพงษ์,เมธาธนวัฒน์,รัฐ
7,พรปวีณ์,จิตตพิมล,ปวีณ์
7,ศิริศักดิ์,แสงสุวรรณพร,ศักดิ์
7,เพ็ญพิชชา,ธนากิตติคุณ,เพ็ญ
8,ปิติ,ยินดี,ติ
8,สิรินภา,จิรสินทรัพย์,นภา
8,กัมปนาท,โชติพัฒนาการ,นาท
8,พรอุมา,สมิทธิผล,อุมา
8,สิทธิพร,ปุณยศิลป์,พร
8,กมลชนก,วิรุฬห์บริรักษ์,ชนก
8,ปวริศา,วัฒนาภิรมย์,ปลา
8,วรศักดิ์,วิเชียรวานิช,ศักดิ์
9,ชูใจ,สดใส,ใจ
9,ธนัชพร,รัตนกิจโกศล,พร
9,ณิชากร,สิริคุณานนท์,นิด
9,วีระพล,วิเชียรพรรค,พล
9,จิรัญญา,รุ่งกิจเกษตร,ญา
9,พิชญุตม์,แสงโชติธาดา,มิว
9,กรองแก้ว,มาโนชญ์,แก้ว
9,ณัฐพรรณ,ศรีเกษมพงษ์,ตาล
10,มานี,รักเรียน,นี
10,ปวริศร์,พงศ์พสิษฐ์,พริษฐ์
10,สุจิตรา,ประเสริฐสิน,จิต
10,เอกราช,วรจักร,เอก
10,ศุภรักษ์,รัตนโชติ,ก้อง
10,พิมลพร,จงเจริญผล,พิม
10,ธนดล,ทรัพย์ประสิทธิ์,ตอง
10,อนันตญา,เกษมวงศ์,อ้อม
11,วีระ,กล้าหาญ,ระ
11,กฤตินนท์,วนาโรจน์,นนท์
11,ศิริพร,พงศ์ภักดี,พร
11,รุ่งโรจน์,แสงระวี,รุ่ง
11,ชัชชญา,ธรรมโชติ,ชัญ
11,ทศพล,โชติวงศ์,ทศ
11,กัญญากานต์,รัตนศิลป์,กานต์
11,นพรัตน์,วรโชติ,รัตน์
12,ดาว,เรือง,ดาว
12,ศิริรัตน์,ทรัพย์วัฒนา,รัตน์
12,ภูวดล,แสงพรศิริ,ดล
12,พชรพล,ศรีโสภา,เพชร
12,กนกวรรณ,เกษมไพศาล,กนก
12,ธนศักดิ์,เลิศปัญญา,ศักดิ์
12,ณัฐวรรณ,สิทธิชัย,หวาน
12,จิรกิตติ์,พานิชเกษม,กิตติ์
13,เมฆา,ลอย,เมฆ
13,กุลธิดา,รุ่งพรศิริ,กุล
13,พิริยะ,ศรีมงคล,ริยะ
13,ธนพรรณ,วรากุล,พรรณ
13,ณัฐนนท์,จิตรวาณิช,นนท์
13,สรารัตน์,ทวีวงศ์,รัตน์
13,ธนัชพงศ์,วิวัฒนาการ,พงศ์
13,วิรากานต์,พงศ์ประเสริฐ,กานต์
14,ตะวัน,ฉาย,วัน
14,ทิพากร,สิริทรัพย์,ดาว
14,เมธาวัฒน์,ธนเศรษฐ์,เมธ์
14,สุภัสสร,วงศาภิรมย์,ก้อย
14,พงศ์พิพัฒน์,กิจอนันต์,พงศ์
14,นงนภัส,รื่นเริงใจ,นลิน
14,จักรพงษ์,สิทธิรักษ์,แจ็ค
14,วรารัตน์,โสภณวิจิตร,รัตน์
15,จันทรา,สว่าง,จันทร์
15,จีรนันท์,สิริภักดี,จี
15,ศุภกิจ,วนาเจริญ,กิจ
15,ธันยาพร,เลิศวิเศษ,ธัน
15,กมลพรรณ,สิริศักดิ์,พรรณ
15,จตุรพงศ์,รุ่งเรืองยิ่ง,พงศ์
15,พรรณวดี,ทรัพย์เจริญ,พรรณ
15,ณัฐวัฒน์,ศิริชัยพร,นัท
16,ฟ้า,ใส,ฟ้า
16,กัญญาภักดิ์,พฤกษาพร,ต่าย
16,ธนากร,โชติพาณิชย์,วิน
16,พิชามญชุ์,จารุโสภณ,มญชุ์
16,เอกกมล,พรประเสริฐ,กมล
16,วรรณวรางค์,ภักดีวดี,วรางค์
16,จิรศิลป์,โสภณศิลป์,ศิลป์
16,อรวรรณ,สิทธิพรหม,อร
17,รุ้ง,ทอ,รุ้ง
17,นพรัตน์,เกษมศิริ,หนุ่ม
17,ดนัยพล,วิเศษกุล,แดน
17,พิมลวรรณ,โชติวงศ์,พิม
17,กิตติศักดิ์,รัตนปัญญากร,ศักดิ์
17,นลินพร,เกียรติศิริ,พร
17,ภวัตพล,มหาวีระ,ภีม
17,พัชราพร,ศรีวิไล,พัช
18,แก้ว,มณี,แก้ว
18,สรวิชญ์,อริยะสกุล,สร
18,ณิชารีย์,เจริญทรัพย์,เดียร์
18,ธนดล,วนาสิริ,ดล
18,ปวริศา,เลิศฤทธิ์,ปลา
18,จิรโรจน์,พสิษฐ์พนธ์,โรจน์
18,พรรณกร,นิรันดร์,กร
18,ชนม์นิภา,รัตนวรรณ,ชนม์
19,ทอง,พันชั่ง,ทอง
19,พิรพร,นราภิรมย์,พร
19,ธนโชติ,สิทธิศักดิ์,โชติ
19,วิไลพร,ปัญญาวดี,ตั๊ก
19,สมประสงค์,รื่นกิจ,สงค์
19,กนกพร,วรโชติภักดี,พร
19,ณัฐพงศ์,พิทักษ์ชาติ,พงศ์
19,เบญจวรรณ,ศรีปัญญา,เบญ
20,เงิน,ตรา,เงิน
20,ชัชวาลย์,วงก์วิบูลย์,ตั้ม
20,สิริภรณ์,เกียรติวงศ์,ภรณ์
20,วุฒิพงศ์,สิริพาณิชย์,วุฒิ
20,นภาพร,ศิริกุล,แตง
20,กิตติพงศ์,พนาวงศ์,พงศ์
20,อรพิมล,รุ่งรัตน์,อ้อม
20,จิระศักดิ์,บารมียิ่ง,ศักดิ์
21,ขวัญ,เรียม,ขวัญ
21,ปิยพล,วราพรหม,พล
21,รัตนาวดี,ศรีโสภา,รัตน์
21,ทวีศักดิ์,ศิริวิมล,ศักดิ์
21,พชราพร,มหาทุน,ปลา
21,ณัฐนนท์,จารุเมธี,นนท์
21,สิริพรรณ,ศรีเกษม,พรรณ
21,เกียรติศักดิ์,รุ่งพาณิชย์,ศักดิ์
22,เพลิน,พิศ,เพลิน
22,สมศักดิ์,วิเชียรเจริญ,ศักดิ์
22,วิลาสินี,ศรีปราชญ์,สินี
22,กฤติยา,แสงอาทิตย์,แอน
22,ธนิษฐา,พงศ์ศิลป์,นิด
22,เอกพงศ์,วนาวิจิตร,เอก
22,นวลนภา,อุดมทรัพท์,ภา
22,จิรกิตติ์,พิพัฒโนทัย,กิตติ์
23,แสน,สบาย,แสน
23,วัชรพล,ศิริวัฒน์,วัช
23,สิรินธร,รัตนมณี,แอน
23,พิพัฒน์,โชติธนะ,พัฒน์
23,กมลรัตน์,วิเศษยิ่ง,รัตน์
23,ณัฐิวุฒิ,เจริญพรหม,วุฒิ
23,สิริกร,ทวีโชติวรา,กร
23,พรภัทร,เกษมภักดี,ภัทร
24,หวาน,เจี๊ยบ,หวาน
24,สรณ์นิชา,ศิริพาณิชย์,นิชา
24,ธนากร,มิ่งขวัญ,กร
24,พิมพิกา,รุ่งอรุณ,พิม
24,จิรพล,สิทธิพรชัย,พล
24,นวพล,ธรรมศิลป์,เขม
24,ปรียาพร,วิจิตรา,ปุ้ย
24,สิทธิโชค,บุญราศี,โชค
25,เปรี้ยว,จี๊ด,เปรี้ยว
25,กิตติมา,ศรีวรจักร,ปลา
25,ณรงค์พล,วิจิตรเดชัย,พล
25,สิริมา,รัตนโชติ,หญิง
25,พชราพร,ปัญญานันท์,พลอย
25,ธนรัตน์,แสงสุวรรณ,รัตน์
25,กมลเนตร,วิโชติ,เนตร
25,วรศักดิ์,มหาดล,ศักดิ์
26,เค็ม,ดี,เค็ม
26,สุจิตรา,วารินทร์,มล
26,พิสิฐ,เกษมศานต์,สิฐ
26,อภิศรา,วนาศิลป์,แนน
26,สถาพร,กสิกร,หมู
26,ณัฐธิดา,วิลัยพรหม,ธิดา
26,พีรพล,ทรัพย์สมบูรณ์,พี
26,วิมลรัตน์,เศรษฐา,รัตน์
27,เผ็ด,ร้อน,เผ็ด
27,สวรรยา,อริยวงศ์,วาย
27,กฤตธน,สมวงศ์กิจ,กฤต
27,นิศารัตน์,ปัญญาการ,นิด
27,ชัชวาลย์,รุ่งวัฒนกุล,หมี
27,วราภรณ์,สุขสันต์ยิ่ง,ส้ม
27,เกรียงไกร,เลิศวิจิตร,โต
27,พรรณิภา,ศรีสวัสดิ์,กิ๊ก
28,หอม,แดง,หอม
28,นงพะงา,สว่างเนตร,นง
28,จิรพงศ์,รักษาสกุล,พงศ์
28,อลิสา,วิโชติธรรม,อลิส
28,พรนภัส,สุรวงศ์,นลิน
28,อัฐพงศ์,สิทธิพร,อัฐ
28,กรรณิกา,ทวีวรรณ,กา
28,สุทัศน์,วัชรพล,ทัศน์
29,กระเทียม,โทน,เทียม
29,บุญญรัตน์,เศรษฐวัฒน์,รัตน์
29,ณัฏฐกร,จารุประสิทธิ์,นัท
29,สิรินภา,ศรีนรากร,นภา
29,จิระพัฒน์,วนาเลิศ,พัฒน์
29,พัชรินทร์,วชิรปัญญา,พัช
29,ธนวัฒน์,เกตุมณี,นัท
29,วิไลรัตน์,โสภณ,รัตน์
30,พริก,ไทย,พริก
30,พิชชาพร,อรุโณทัย,พิช
30,สิทธิชัย,เจริญจรรยา,ชัย
30,พิมพรรณ,รัตนศิลป์,พิม
30,วรัญญู,โชติทวีทรัพย์,ญู
30,กานดา,วิลาสินี,กวาง
30,ณัฐวรรณ,สิริเศรษฐา,หวาน
30,พรศักดิ์,นิติวัฒนากร,ศักดิ์
31,เกลือ,สมุทร,เกลือ
31,เกวลิน,พสิษฐ์พันธุ์,ลิน
31,ธนรัชต์,ศรีประทุม,รัชต์
31,รุ่งอรุณ,แสงเจริญยิ่ง,รุ่ง
31,ธีรดล,วัชรากรณ์,ดล
31,นลินพรรณ,วราวงศ์,พรรณ
31,จิรยุ,อิทธิพล,ยุ
31,กมลพร,รัตนโชติผล,พร
32,น้ำตาล,ปี๊บ,ตาล
32,สุวพิชญ์,สิริพรพาณิชย์,พิชญ์
32,กิตติธัช,รัตนรุ่งเรือง,ธัช
32,ณิชารีย์,จงสิต,เดียร์
32,ธนภัทร,วงศธร,ภัทร
32,สถาพร,วิเศษมงคล,หมู
32,กานต์ธิดา,รัตนวิไล,กานต์
32,พงศ์พสิษฐ์,ศิริจรรยา,พริษฐ์
33,กะปิ,ดี,ปิ
33,ชนิสรา,เกียรติรัตนโชติ,แพร
33,วรเมธ,โชติมงคล,เมธ
33,ปวริศร์,พฤกษาพนาลัย,พสิษฐ์
33,สิริวัฒนา,รุ่งรัศมี,สิริ
33,จตุรภัทร,โสภณวิภาค,ภัทร
33,พิมุกต์,วัชรพล,มุกต์
33,อริสรา,จรูญศักดิ์,นก
34,น้ำปลา,แท้,ปลา
34,ดนัยพล,ศิริคุณ,แดน
34,พัชริดา,อลงกรณ์มณี,แพท
34,สิรินธร,รัตนวิเชียร,สิริน
34,ณัฐิวุฒิ,จิตรอนันต์,วุฒิ
34,นรินทร์โชติ,โสภณมณี,นรินทร์
34,กัญญาววีณ์,ศรีจันทร์,กั้ง
34,พรพิพัฒน์,วิวัฒนโสภณ,พงศ์
35,มะนาว,สด,นาว
35,วรัญภัสร์,วิเศษปัญญา,วรัญ
35,กิตติธัช,จารุวิศิษฐ์,กิตติ์
35,ณัฐนิชา,พสิษฐ์โสภณ,นิชา
35,ภูมิพัฒน์,รัตนวงศา,ภูมิ
35,สิริยาภรณ์,เกียรตินพคุณ,ยา
35,พัชรพงศ์,รุ่งเรืองสิน,พงศ์
35,วรรณพรรณ,ศิริพรโชค,พรรณ
36,มะพร้าว,หอม,พร้าว
36,โต๊ะสำรอง,ชื่อหนึ่ง,สำรอง๑
36,โต๊ะสำรอง,ชื่อสอง,สำรอง๒
36,โต๊ะสำรอง,ชื่อสาม,สำรอง๓
36,โต๊ะสำรอง,ชื่อสี่,สำรอง๔
36,โต๊ะสำรอง,ชื่อห้า,สำรอง๕
36,โต๊ะสำรอง,ชื่อหก,สำรอง๖
36,โต๊ะสำรอง,ชื่อเจ็ด,สำรอง๗
37,โต๊ะสำรอง,ชื่อหนึ่ง,สำรอง๑
37,โต๊ะสำรอง,ชื่อสอง,สำรอง๒
37,โต๊ะสำรอง,ชื่อสาม,สำรอง๓
37,โต๊ะสำรอง,ชื่อสี่,สำรอง๔
37,โต๊ะสำรอง,ชื่อห้า,สำรอง๕
37,โต๊ะสำรอง,ชื่อหก,สำรอง๖
37,โต๊ะสำรอง,ชื่อเจ็ด,สำรอง๗
37,โต๊ะสำรอง,ชื่อแปด,สำรอง๘
38,โต๊ะสำรอง,ชื่อหนึ่ง,สำรอง๑
38,โต๊ะสำรอง,ชื่อสอง,สำรอง๒
38,โต๊ะสำรอง,ชื่อสาม,สำรอง๓
38,โต๊ะสำรอง,ชื่อสี่,สำรอง๔
38,โต๊ะสำรอง,ชื่อห้า,สำรอง๕
38,โต๊ะสำรอง,ชื่อหก,สำรอง๖
38,โต๊ะสำรอง,ชื่อเจ็ด,สำรอง๗
38,โต๊ะสำรอง,ชื่อแปด,สำรอง๘
39,โต๊ะสำรอง,ชื่อหนึ่ง,สำรอง๑
39,โต๊ะสำรอง,ชื่อสอง,สำรอง๒
39,โต๊ะสำรอง,ชื่อสาม,สำรอง๓
39,โต๊ะสำรอง,ชื่อสี่,สำรอง๔
39,โต๊ะสำรอง,ชื่อห้า,สำรอง๕
39,โต๊ะสำรอง,ชื่อหก,สำรอง๖
39,โต๊ะสำรอง,ชื่อเจ็ด,สำรอง๗
39,โต๊ะสำรอง,ชื่อแปด,สำรอง๘
40,โต๊ะสำรอง,ชื่อหนึ่ง,สำรอง๑
40,โต๊ะสำรอง,ชื่อสอง,สำรอง๒
40,โต๊ะสำรอง,ชื่อสาม,สำรอง๓
40,โต๊ะสำรอง,ชื่อสี่,สำรอง๔
40,โต๊ะสำรอง,ชื่อห้า,สำรอง๕
40,โต๊ะสำรอง,ชื่อหก,สำรอง๖
40,โต๊ะสำรอง,ชื่อเจ็ด,สำรอง๗
40,โต๊ะสำรอง,ชื่อแปด,สำรอง๘
